tolerancia,pontos,correlacao,distancia_media,distancia_max
0.1,0,0.0,0.0,0.0
0.2,1,0.0,0.14728042807138958,0.14728042807138958
0.5,25,0.15672455630545187,0.4445780622352995,0.5910647107028151
1.0,120,-0.06635685204023113,0.7922236995377058,1.3532978737111534
2.0,297,-0.036562087151902935,1.2468755916039584,2.4848136082436985
5.0,368,-0.046121525437226835,1.8044215244070771,6.677184020807333
